{
  "$schema": "https://raw.githubusercontent.com/oasis-tcs/sarif-spec/master/Schemata/sarif-schema-2.1.0.json",
  "version": "2.1.0",
  "runs": [
    {
      "tool": {
        "driver": {
          "name": "SnykCode",
          "semanticVersion": "1.0.0",
          "version": "1.0.0",
          "rules": [
            {
              "id": "python/NoHardcodedCredentials",
              "name": "NoHardcodedCredentials",
              "shortDescription": {
                "text": "Use of Hardcoded Credentials"
              },
              "defaultConfiguration": {
                "level": "note"
              },
              "help": {
                "markdown": "\n## Details\n\nDevelopers may use hardcoded credentials for convenience when coding in order to simplify their workflow. While they are responsible for removing these before production, occasionally this task may fall through the cracks. This also becomes a maintenance challenge when credentials are re-used across multiple applications.\n\nOnce attackers gain access, they may take advantage of privilege level to remove or alter data, take down a site or app, or hold any of the above for ransom. The risk across multiple similar projects is even greater. If code containing the credentials is reused across multiple projects, they will all be compromised.\n\n## Best practices for prevention\n* Plan software architecture such that keys and passwords are always stored outside the code, wherever possible.\n* Plan encryption into software architecture for all credential information and ensure proper handling of keys, credentials, and passwords.\n* Prompt for a secure password on first login rather than hard-code a default password.\n* If a hardcoded password or credential must be used, limit its use, for example, to system console users rather than via the network.\n* Use strong hashes for inbound password authentication, ideally with randomly assigned salts to increase the difficulty level in case of brute-force attack.",
                "text": ""
              },
              "properties": {
                "tags": [
                  "python",
                  "NoHardcodedCredentials",
                  "Security"
                ],
                "categories": [
                  "Security"
                ],
                "exampleCommitFixes": [
                  {
                    "commitURL": "https://github.com/leandro-gomez/youtube-api/commit/3f11cd7a2225163742a64ac1bf0e47d147cf13e4?diff=split#diff-fc29c0b673f3c43fb6fa7980bfbbcf134d866e535e90d8431c4e9ac105dc332aL-1",
                    "lines": [
                      {
                        "line": "import os\n",
                        "lineNumber": 1,
                        "lineChange": "added"
                      },
                      {
                        "line": "\n",
                        "lineNumber": 2,
                        "lineChange": "none"
                      },
                      {
                        "line": "API_KEY = 'AIzaSyDP74ePWyfwuHfGVnZHcM4HW4hil-4VxsU'\n",
                        "lineNumber": 2,
                        "lineChange": "removed"
                      },
                      {
                        "line": "API_KEY = os.environ['YOUTUBE_API_KEY']\n",
                        "lineNumber": 3,
                        "lineChange": "added"
                      }
                    ]
                  },
                  {
                    "commitURL": "https://github.com/hansonrobotics/HEAD/commit/f73ea224fb53a9f373a35d16da578e6f172192ff?diff=split#diff-7ed01429eb17d1237f5e72cb50da40edc42b566f26a6d8b001a090f320f83d3eL-1",
                    "lines": [
                      {
                        "line": "\n",
                        "lineNumber": 3,
                        "lineChange": "added"
                      },
                      {
                        "line": "from config import HR_CHATBOT_AUTHKEY\n",
                        "lineNumber": 4,
                        "lineChange": "added"
                      },
                      {
                        "line": "\n",
                        "lineNumber": 5,
                        "lineChange": "added"
                      },
                      {
                        "line": "json_encode = json.JSONEncoder().encode\n",
                        "lineNumber": 6,
                        "lineChange": "none"
                      },
                      {
                        "line": "\n",
                        "lineNumber": 7,
                        "lineChange": "none"
                      },
                      {
                        "line": "def check_auth(auth):\n",
                        "lineNumber": 8,
                        "lineChange": "none"
                      },
                      {
                        "line": "    return auth == 'AAAAB3NzaC'\n",
                        "lineNumber": 6,
                        "lineChange": "removed"
                      },
                      {
                        "line": "    return auth == HR_CHATBOT_AUTHKEY\n",
                        "lineNumber": 9,
                        "lineChange": "added"
                      }
                    ]
                  },
                  {
                    "commitURL": "https://github.com/PPPLDeepLearning/plasma-python/commit/2063698e6c4528a25453c400111ee98ac5f1722c?diff=split#diff-3aff8279729c00c2c99bdb7934f7ebd50643a6dcff1590896454035b2270f1caL-1",
                    "lines": [
                      {
                        "line": "import getpass\n",
                        "lineNumber": 2,
                        "lineChange": "added"
                      },
                      {
                        "line": "#currently need to change above import when switching machines\n",
                        "lineNumber": 3,
                        "lineChange": "none"
                      },
                      {
                        "line": "\n",
                        "lineNumber": 4,
                        "lineChange": "none"
                      },
                      {
                        "line": "#paths#\n",
                        "lineNumber": 5,
                        "lineChange": "none"
                      },
                      {
                        "line": "base_path = '/tigress'\n",
                        "lineNumber": 6,
                        "lineChange": "none"
                      },
                      {
                        "line": "user_name = 'alexeys' #'jk7' #'jkatesha'\n",
                        "lineNumber": 6,
                        "lineChange": "removed"
                      },
                      {
                        "line": "user_name = getpass.getuser()\n",
                        "lineNumber": 7,
                        "lineChange": "added"
                      }
                    ]
                  }
                ],
                "exampleCommitDescriptions": [],
                "precision": "very-high",
                "repoDatasetSize": 42,
                "cwe": [
                  "CWE-798"
                ]
              }
            },
            {
              "id": "python/Jinja2AutoEscapeFalse",
              "name": "Jinja2AutoEscapeFalse",
              "shortDescription": {
                "text": "Jinja auto-escape is set to false."
              },
              "defaultConfiguration": {
                "level": "warning"
              },
              "help": {
                "markdown": "## Details\n\nJinja2 is a python templating library that can be configured to escape values and avoid XSS vulnerabilities. However, the library by default sets the autoescaping to false.\n\nA cross-site scripting attack occurs when the attacker tricks a legitimate web-based application or site to accept a request as originating from a trusted source.\n\nThis is done by escaping the context of the web application; the web application then delivers that data to its users along with other trusted dynamic content, without validating it. The browser unknowingly executes malicious script on the client side (through client-side languages; usually JavaScript or HTML)  in order to perform actions that are otherwise typically blocked by the browser's Same Origin Policy.\n\nInjecting malicious code is the most prevalent manner by which XSS is exploited; for this reason, escaping characters in order to prevent this manipulation is the top method for securing code against this vulnerability.\n\nEscaping means that the application is coded to mark key characters, and particularly key characters included in user input, to prevent those characters from being interpreted in a dangerous context. For example, in HTML, `<` can be coded as  `&lt`; and `>` can be coded as `&gt`; in order to be interpreted and displayed as themselves in text, while within the code itself, they are used for HTML tags. If malicious content is injected into an application that escapes special characters and that malicious content uses `<` and `>` as HTML tags, those characters are nonetheless not interpreted as HTML tags by the browser if they've been correctly escaped in the application code and in this way the attempted attack is diverted.\n\nThe most prominent use of XSS is to steal cookies (source: OWASP HttpOnly) and hijack user sessions, but XSS exploits have been used to expose sensitive information, enable access to privileged services and functionality and deliver malware.\n\n### Types of attacks\nThere are a few methods by which XSS can be manipulated:\n\n|Type|Origin|Description|\n|--|--|--|\n|**Stored**|Server|The malicious code is inserted in the application (usually as a link) by the attacker. The code is activated every time a user clicks the link.|\n|**Reflected**|Server|The attacker delivers a malicious link externally from the vulnerable web site application to a user. When clicked, malicious code is sent to the vulnerable web site, which reflects the attack back to the user's browser.|\n|**DOM-based**|Client|The attacker forces the user's browser to render a malicious page. The data in the page itself delivers the cross-site scripting data.|\n|**Mutated**| |The attacker injects code that appears safe, but is then rewritten and modified by the browser, while parsing the markup. An example is rebalancing unclosed quotation marks or even adding quotation marks to unquoted parameters.|\n\n### Affected environments\nThe following environments are susceptible to an XSS attack:\n\n* Web servers\n* Application servers\n* Web application environments\n\n## Best practices for prevention\nThis section describes the top best practices designed to specifically protect your code:\n\n* Sanitize data input in an HTTP request before reflecting it back, ensuring all data is validated, filtered or escaped before echoing anything back to the user, such as the values of query parameters during searches.\n* Convert special characters such as `?`, `&`, `/`, `<`, `>` and spaces to their respective HTML or URL encoded equivalents.\n* Give users the option to disable client-side scripts.\n* Redirect invalid requests.\n* Detect simultaneous logins, including those from two separate IP addresses, and invalidate those sessions.\n* Use and enforce a Content Security Policy (source: Wikipedia) to disable any features that might be manipulated for an XSS attack.\n* Read the documentation for any of the libraries referenced in your code to understand which elements allow for embedded HTML.",
                "text": ""
              },
              "properties": {
                "tags": [
                  "python",
                  "Jinja2AutoEscapeFalse",
                  "Security"
                ],
                "categories": [
                  "Security"
                ],
                "exampleCommitFixes": [
                  {
                    "commitURL": "https://github.com/remcoder/Pxxl.js/commit/707b0de4c23a0b62b3367dd7515e9df08c0a85c1?diff=split#diff-68f63e8cccbcb05c3a3fe3cb8f8a020e0b62330133bce1aacdca14328932410aL-1",
                    "lines": [
                      {
                        "line": "env = Environment(loader=FileSystemLoader('templates'))\n",
                        "lineNumber": 1,
                        "lineChange": "removed"
                      },
                      {
                        "line": "env = Environment(loader=FileSystemLoader('templates'), \n",
                        "lineNumber": 1,
                        "lineChange": "added"
                      },
                      {
                        "line": "  extensions=['jinja2.ext.autoescape'],\n",
                        "lineNumber": 2,
                        "lineChange": "added"
                      },
                      {
                        "line": "  autoescape=True)\n",
                        "lineNumber": 3,
                        "lineChange": "added"
                      }
                    ]
                  },
                  {
                    "commitURL": "https://github.com/GoogleCloudPlatform/titan/commit/0bf5c35ddc04b1020a14ed910af41e9ae37b1c1b?diff=split#diff-c11ef690b2d17d9c12d561977691c7d5b8f04c24db5a1f2f7266954296169432L-1",
                    "lines": [
                      {
                        "line": "jinja_environment = jinja2.Environment(\n",
                        "lineNumber": 23,
                        "lineChange": "none"
                      },
                      {
                        "line": "    loader=jinja2.FileSystemLoader(os.path.dirname(__file__)))\n",
                        "lineNumber": 24,
                        "lineChange": "removed"
                      },
                      {
                        "line": "    loader=jinja2.FileSystemLoader(os.path.dirname(__file__)), autoescape=True)\n",
                        "lineNumber": 24,
                        "lineChange": "added"
                      }
                    ]
                  },
                  {
                    "commitURL": "https://github.com/rsrdesarrollo/sarna/commit/8d4e57c9e3b472e2db8c63d9da194f048e43ee6a?diff=split#diff-c06d497ff6c790308e10bf3e7755c9ef6d603a65b5ead96bdbb3a6d6a7d81605L-1",
                    "lines": [
                      {
                        "line": "jinja2_env = jinja2.Environment()\n",
                        "lineNumber": 104,
                        "lineChange": "removed"
                      },
                      {
                        "line": "jinja2_env = jinja2.Environment(\n",
                        "lineNumber": 105,
                        "lineChange": "added"
                      },
                      {
                        "line": "    autoescape=True\n",
                        "lineNumber": 106,
                        "lineChange": "added"
                      },
                      {
                        "line": ")\n",
                        "lineNumber": 107,
                        "lineChange": "added"
                      }
                    ]
                  }
                ],
                "exampleCommitDescriptions": [],
                "precision": "very-high",
                "repoDatasetSize": 44,
                "cwe": [
                  "CWE-79"
                ]
              }
            }
          ]
        }
      },
      "results": [
        {
          "ruleId": "python/NoHardcodedCredentials",
          "ruleIndex": 0,
          "level": "note",
          "message": {
            "text": "Do not hardcode credentials in code. Found hardcoded credential used in here.",
            "markdown": "Do not hardcode credentials in code. Found {0} credential used in here.",
            "arguments": [
              "[hardcoded](0)"
            ]
          },
          "locations": [
            {
              "physicalLocation": {
                "artifactLocation": {
                  "uri": "src/dispatch/plugins/dispatch_slack/incident/enums.py",
                  "uriBaseId": "%SRCROOT%"
                },
                "region": {
                  "startLine": 41,
                  "endLine": 41,
                  "startColumn": 5,
                  "endColumn": 9
                }
              }
            }
          ],
          "fingerprints": {
            "0": "da1e07e5de8323db5ba4d48f82d0ab8b4b9528bf854ef1bb822a17ab03cef54b",
            "1": "b37185f4.8b8dbfe5.c9eedeb5.98569367.ab1ae5b6.8983b8d1.a45f2258.7e855334.b37185f4.8b8dbfe5.c9eedeb5.98569367.ab1ae5b6.8983b8d1.a45f2258.7e855334"
          },
          "codeFlows": [
            {
              "threadFlows": [
                {
                  "locations": [
                    {
                      "location": {
                        "id": 0,
                        "physicalLocation": {
                          "artifactLocation": {
                            "uri": "src/dispatch/plugins/dispatch_slack/incident/enums.py",
                            "uriBaseId": "%SRCROOT%"
                          },
                          "region": {
                            "startLine": 41,
                            "endLine": 41,
                            "startColumn": 12,
                            "endColumn": 30
                          }
                        }
                      }
                    }
                  ]
                }
              ]
            }
          ],
          "properties": {
            "priorityScore": 384,
            "priorityScoreFactors": [
              {
                "label": true,
                "type": "multipleOccurrence"
              },
              {
                "label": true,
                "type": "hotFileCodeFlow"
              },
              {
                "label": true,
                "type": "fixExamples"
              }
            ],
            "isAutofixable": false
          }
        },
        {
          "ruleId": "python/NoHardcodedCredentials",
          "ruleIndex": 0,
          "level": "note",
          "message": {
            "text": "Do not hardcode credentials in code. Found hardcoded credential used in a condition.",
            "markdown": "Do not hardcode credentials in code. Found {0} credential used in a condition.",
            "arguments": [
              "[hardcoded](0)"
            ]
          },
          "locations": [
            {
              "physicalLocation": {
                "artifactLocation": {
                  "uri": "src/dispatch/plugins/dispatch_slack/middleware.py",
                  "uriBaseId": "%SRCROOT%"
                },
                "region": {
                  "startLine": 205,
                  "endLine": 205,
                  "startColumn": 16,
                  "endColumn": 27
                }
              }
            }
          ],
          "fingerprints": {
            "0": "6939d4c0deca20a1f82e5d09ee1d44b486f7586cc784e7d88a1603ac0dccf831",
            "1": "26f1400e.d1bceb27.79e62dc9.98569367.a61ea115.a5d7f69f.b69c6615.ebed174f.881391c1.9dc5b1a3.79e62dc9.7bb48ba8.a61ea115.a5d7f69f.0a7337bb.b673d2e1"
          },
          "codeFlows": [
            {
              "threadFlows": [
                {
                  "locations": [
                    {
                      "location": {
                        "id": 0,
                        "physicalLocation": {
                          "artifactLocation": {
                            "uri": "src/dispatch/plugins/dispatch_slack/middleware.py",
                            "uriBaseId": "%SRCROOT%"
                          },
                          "region": {
                            "startLine": 205,
                            "endLine": 205,
                            "startColumn": 16,
                            "endColumn": 27
                          }
                        }
                      }
                    }
                  ]
                }
              ]
            }
          ],
          "properties": {
            "priorityScore": 384,
            "priorityScoreFactors": [
              {
                "label": true,
                "type": "multipleOccurrence"
              },
              {
                "label": true,
                "type": "hotFileCodeFlow"
              },
              {
                "label": true,
                "type": "fixExamples"
              }
            ],
            "isAutofixable": false
          }
        },
        {
          "ruleId": "python/Jinja2AutoEscapeFalse",
          "ruleIndex": 1,
          "level": "warning",
          "message": {
            "text": "jinja2.Template is called with no autoescape argument (autoescaping is disabled by default). This increases the risk of Cross-Site Scripting (XSS) attacks.",
            "markdown": "{0} is called with no autoescape argument (autoescaping is disabled by default). This increases the risk of Cross-Site Scripting (XSS) attacks.",
            "arguments": [
              "[jinja2.Template](0)"
            ]
          },
          "locations": [
            {
              "physicalLocation": {
                "artifactLocation": {
                  "uri": "src/dispatch/plugins/dispatch_jira/plugin.py",
                  "uriBaseId": "%SRCROOT%"
                },
                "region": {
                  "startLine": 163,
                  "endLine": 163,
                  "startColumn": 23,
                  "endColumn": 31
                }
              }
            }
          ],
          "fingerprints": {
            "0": "a6b314e57d2d9a38f08505efcc4d83b6731270b4b8124a84dc8a3b35b5edaff3",
            "1": "ad64e2e8.11425b07.79e62dc9.139c59a8.cc857d4e.ba14daf2.9b87d056.8356f9c3.7b0793b4.06b6b2ea.eb05d2fb.139c59a8.c6259e5d.ba14daf2.9b87d056.6e4e150c"
          },
          "codeFlows": [
            {
              "threadFlows": [
                {
                  "locations": [
                    {
                      "location": {
                        "id": 0,
                        "physicalLocation": {
                          "artifactLocation": {
                            "uri": "src/dispatch/plugins/dispatch_jira/plugin.py",
                            "uriBaseId": "%SRCROOT%"
                          },
                          "region": {
                            "startLine": 163,
                            "endLine": 163,
                            "startColumn": 23,
                            "endColumn": 31
                          }
                        }
                      }
                    }
                  ]
                }
              ]
            }
          ],
          "properties": {
            "priorityScore": 617,
            "priorityScoreFactors": [
              {
                "label": true,
                "type": "multipleOccurrence"
              },
              {
                "label": true,
                "type": "hotFileSource"
              },
              {
                "label": true,
                "type": "fixExamples"
              }
            ],
            "isAutofixable": false
          }
        },
        {
          "ruleId": "python/Jinja2AutoEscapeFalse",
          "ruleIndex": 1,
          "level": "warning",
          "message": {
            "text": "jinja2.Template is called with no autoescape argument (autoescaping is disabled by default). This increases the risk of Cross-Site Scripting (XSS) attacks.",
            "markdown": "{0} is called with no autoescape argument (autoescaping is disabled by default). This increases the risk of Cross-Site Scripting (XSS) attacks.",
            "arguments": [
              "[jinja2.Template](0)"
            ]
          },
          "locations": [
            {
              "physicalLocation": {
                "artifactLocation": {
                  "uri": "src/dispatch/plugins/dispatch_jira/plugin.py",
                  "uriBaseId": "%SRCROOT%"
                },
                "region": {
                  "startLine": 172,
                  "endLine": 172,
                  "startColumn": 23,
                  "endColumn": 31
                }
              }
            }
          ],
          "fingerprints": {
            "0": "04ade6ab66578c7022e80020cd306b2d2fcb4cee6b43acb1fc06dd9cdbeb4a0e",
            "1": "9e2cd086.656d780d.79e62dc9.139c59a8.9f137848.ba14daf2.9b87d056.8356f9c3.9e2cd086.06b6b2ea.eb05d2fb.139c59a8.c6259e5d.ba14daf2.9b87d056.6e4e150c"
          },
          "codeFlows": [
            {
              "threadFlows": [
                {
                  "locations": [
                    {
                      "location": {
                        "id": 0,
                        "physicalLocation": {
                          "artifactLocation": {
                            "uri": "src/dispatch/plugins/dispatch_jira/plugin.py",
                            "uriBaseId": "%SRCROOT%"
                          },
                          "region": {
                            "startLine": 172,
                            "endLine": 172,
                            "startColumn": 23,
                            "endColumn": 31
                          }
                        }
                      }
                    }
                  ]
                }
              ]
            }
          ],
          "properties": {
            "priorityScore": 617,
            "priorityScoreFactors": [
              {
                "label": true,
                "type": "multipleOccurrence"
              },
              {
                "label": true,
                "type": "hotFileSource"
              },
              {
                "label": true,
                "type": "fixExamples"
              }
            ],
            "isAutofixable": false
          }
        },
        {
          "ruleId": "python/Jinja2AutoEscapeFalse",
          "ruleIndex": 1,
          "level": "warning",
          "message": {
            "text": "jinja2.Template is called with no autoescape argument (autoescaping is disabled by default). This increases the risk of Cross-Site Scripting (XSS) attacks.",
            "markdown": "{0} is called with no autoescape argument (autoescaping is disabled by default). This increases the risk of Cross-Site Scripting (XSS) attacks.",
            "arguments": [
              "[jinja2.Template](0)"
            ]
          },
          "locations": [
            {
              "physicalLocation": {
                "artifactLocation": {
                  "uri": "src/dispatch/plugins/dispatch_jira/plugin.py",
                  "uriBaseId": "%SRCROOT%"
                },
                "region": {
                  "startLine": 208,
                  "endLine": 208,
                  "startColumn": 19,
                  "endColumn": 27
                }
              }
            }
          ],
          "fingerprints": {
            "0": "4083dab07316daaab64d5791fd2c1ddadc02c62e1de7d131c0b90976946d8b29",
            "1": "ad64e2e8.0e49fbea.79e62dc9.139c59a8.b590fcce.ba14daf2.9b87d056.8356f9c3.7b0793b4.06b6b2ea.eb05d2fb.139c59a8.c6259e5d.ba14daf2.9b87d056.6e4e150c"
          },
          "codeFlows": [
            {
              "threadFlows": [
                {
                  "locations": [
                    {
                      "location": {
                        "id": 0,
                        "physicalLocation": {
                          "artifactLocation": {
                            "uri": "src/dispatch/plugins/dispatch_jira/plugin.py",
                            "uriBaseId": "%SRCROOT%"
                          },
                          "region": {
                            "startLine": 208,
                            "endLine": 208,
                            "startColumn": 19,
                            "endColumn": 27
                          }
                        }
                      }
                    }
                  ]
                }
              ]
            }
          ],
          "properties": {
            "priorityScore": 617,
            "priorityScoreFactors": [
              {
                "label": true,
                "type": "multipleOccurrence"
              },
              {
                "label": true,
                "type": "hotFileSource"
              },
              {
                "label": true,
                "type": "fixExamples"
              }
            ],
            "isAutofixable": false
          }
        },
        {
          "ruleId": "python/Jinja2AutoEscapeFalse",
          "ruleIndex": 1,
          "level": "warning",
          "message": {
            "text": "jinja2.Template is called with no autoescape argument (autoescaping is disabled by default). This increases the risk of Cross-Site Scripting (XSS) attacks.",
            "markdown": "{0} is called with no autoescape argument (autoescaping is disabled by default). This increases the risk of Cross-Site Scripting (XSS) attacks.",
            "arguments": [
              "[jinja2.Template](0)"
            ]
          },
          "locations": [
            {
              "physicalLocation": {
                "artifactLocation": {
                  "uri": "src/dispatch/conference/models.py",
                  "uriBaseId": "%SRCROOT%"
                },
                "region": {
                  "startLine": 39,
                  "endLine": 39,
                  "startColumn": 16,
                  "endColumn": 24
                }
              }
            }
          ],
          "fingerprints": {
            "0": "00c5391c01e0473e5a399cc637b7bb33595dc296df649ba2d0efa31e2f1359e3",
            "1": "8a30cfc6.96da3b50.ccd41a3b.139c59a8.cc857d4e.ba14daf2.9b87d056.7a077cf6.a6b41d6e.96da3b50.ccd41a3b.139c59a8.cc857d4e.ba14daf2.a2237efa.f46ed94e"
          },
          "codeFlows": [
            {
              "threadFlows": [
                {
                  "locations": [
                    {
                      "location": {
                        "id": 0,
                        "physicalLocation": {
                          "artifactLocation": {
                            "uri": "src/dispatch/conference/models.py",
                            "uriBaseId": "%SRCROOT%"
                          },
                          "region": {
                            "startLine": 39,
                            "endLine": 39,
                            "startColumn": 16,
                            "endColumn": 24
                          }
                        }
                      }
                    }
                  ]
                }
              ]
            }
          ],
          "properties": {
            "priorityScore": 567,
            "priorityScoreFactors": [
              {
                "label": true,
                "type": "multipleOccurrence"
              },
              {
                "label": true,
                "type": "hotFileCodeFlow"
              },
              {
                "label": true,
                "type": "fixExamples"
              }
            ],
            "isAutofixable": false
          }
        }
      ],
      "properties": {
        "coverage": [
          {
            "isSupported": true,
            "lang": "HTML",
            "files": 1,
            "type": "SUPPORTED"
          },
          {
            "isSupported": true,
            "lang": "TypeScript",
            "files": 17,
            "type": "SUPPORTED"
          },
          {
            "isSupported": true,
            "lang": "Vue",
            "files": 399,
            "type": "SUPPORTED"
          },
          {
            "isSupported": true,
            "lang": "JavaScript",
            "files": 131,
            "type": "SUPPORTED"
          },
          {
            "isSupported": true,
            "lang": "Python",
            "files": 592,
            "type": "SUPPORTED"
          }
        ]
      }
    }
  ]
}
